модель;закуп USD;накрутка
BS-4BT;*;*
BS-4BTE;*;*
BS-4BF;908;1.75
BS-4BFE;*;*
BS-5,5BT;*;*
BS-5,5BTE;*;*
BS-5,5BF;930;1.8
BS-5,5BF 10;;
BS-5,5BFE;*;*
HC-7,5BT;*;*
HC-7,5BTE;*;*
HC-7,5BF;951;1.88
HC-7,5BF 10;;
HC-7,5BFE;*;*
HB-7,5BT;*;*
HB-7,5BTE;*;*
HB-7,5BF;1251;1.9
HB-7,5BFE;*;*
HC-11BT;1327;2
HC-11BT 10;1327;2
HC-11BT 8;;
HC-11BTE;*;*
HC-11BF;1631;2
HC-11BF 8;;
HC-11BFE;*;*
HB-11BT;1885;2
HB-11BTE;*;*
HB-11BF;2105;2
HB-11BFE;*;*
HC-15BT;1405;2
HC-15BT 8;;
HC-15BT 10;;
HC-15BTE;*;*
HC-15BF;1688;2
HC-15BFE;*;*
HB-15BT;1939;2
HB-15BTE;*;*
HB-15BF;2296;2
HB-15BFE;*;*
BS-18,5BF 10;1608;2
HC-18,5BT;1722;1.95
HC-18,5BF;2092;1.94
HC-18,5BTE;*;*
HC-18,5BFE;*;*
HB-18,5BT;2358;1.97
HB-18,5BTE;*;*
HB-18,5BF;2711;1.97
HB-18,5BFE;*;*
HC-22BT;1722;2
HC-22BT 8;;
HC-22BTE;*;*
HC-22BF;2092;2
HC-22BFE;*;*
HB-22BT;2358;2
HB-22BTE;*;*
HB-22BF;2711;2
HB-22BFE;*;*
HC-30BT;2423;2
HC-30BT 8;;
HC-30BTE;*;*
HC-30BF;2939;2
HC-30BFE;*;*
HB-30BT;2852;2
HB-30BTE;*;*
HB-30BF;3782;2
HB-30BFE;*;*
BS-37BF;3211;1.93
HC-37BT;2749;2
HC-37BT 10;;
HC-37BTE;*;*
HC-37BF;3211;1.94
HC-37BFE;*;*
HB-37BT;3685;2
HB-37BTE;*;*
HB-37BF;4145;2
HB-37BFE;*;*
HA-37BT;4627;2
HA-37BTE;*;*
HA-37BF;*;*
HA-37BFE;*;*
HC-7,5DT;*;*
HC-7,5DTE;934;1.99
HC-7,5DF;*;*
HC-7,5DFE;1378;1.79
HB-7,5DT;1358;*
HB-7,5DTE;1493;1.98
HB-7,5DF;1251;1.99
HB-7,5DFE;1749;1.79
HC-11DT;*;*
HC-11DTE;1493;1.94
HC-11DF;*;*
HC-11DFE;2007;1.89
HB-11DT;1885;1.9
HB-11DTE;1887;1.99
HB-11DF;2105;1.99
HB-11DFE;2469;1.99
HC-15DT;*;*
HC-15DTE;1493;2
HC-15DF;*;*
HC-15DFE;2007;1.99
HB-15DT;1939;*
HB-15DTE;1906;1.99
HB-15DF;2296;*
HB-15DFE;2495;1.99
HA-15DT;*;*
HA-15DTE;*;*
HA-15DF;*;*
HA-15DFE;3211;1.99
HC-18,5DT;*;*
HC-18,5DTE;1775;1.94
HC-18,5DF;*;*
HC-18,5DFE;2355;1.95
HB-18,5DT;2358;*
HB-18,5DTE;2303;1.99
HB-18,5DF;2711;*
HB-18,5DFE;2970;1.99
HC-22DT;*;*
HC-22DTE;1770;1.99
HC-22DF;*;*
HC-22DFE;2355;1.99
HB-22DT;2358;2
HB-22DTE;2294;2
HB-22DF;2711;2
HB-22DFE;3031;1.98
HA-22DT;*;*
HA-22DTE;*;*
HA-22DF;*;*
HA-22DFE;3813;2
HC-30DT;*;*
HC-30DTE;3008;1.84
HC-30DF;*;*
HC-30DFE;4058;1.94
HB-30DT;2852;2
HB-30DTE;3165;2
HB-30DF;3782;2
HB-30DFE;4507;1.99
HC-37DT;*;*
HC-37DTE;3106;1.93
HC-37DF;3243;2
HC-37DFE;4058;1.97
HB-37DT;3685;2
HB-37DTE;3904;2
HB-37DF;4145;2
HB-37DFE;4853;2
HA-37DT;*;*
HA-37DTE;*;*
HA-37DF;*;*
HA-37DFE;5981;2
HC-45DT;3363;2
HC-45DTE;3883;2
HC-45DF;4415;2
HC-45DFE;5547;1.98
HB-45DT;4639;2
HB-45DTE;5303;1.88
HB-45DF;5155;2
HB-45DFE;6703;2
HA-45DT;*;*
HA-45DTE;*;*
HA-45DF;5970;2
HA-45DFE;8292;2
HC-55DT;4768;2
HC-55DTE;6570;1.74
HC-55DF;5768;2
HC-55DF 8;5768;2
HC-55DFE;6985;2
HB-55DT;6201;2
HB-55DTE;7580;*
HB-55DF;6803;2
HB-55DF 8;;
HB-55DF 10;;
HB-55DFE;8028;2
HA-55DT;*;*
HA-55DTE;*;*
HA-55DF;8081;2
HA-55DFE;10791;2
BS-75DT;5125;2
BS-75DTE;7225;2
BS-75DF;6528;1.99
BS-75DFE;7671;2
HC-75DT;5442;2
HC-75DTE;7541;2.02
HC-75DF;6845;2
HC-75DFE;7988;2
HB-75DT;7090;1.97
HB-75DTE;8727;*
HB-75DF;8022;2
HB-75DF 8;;
HB-75DFE;9232;2
HA-75DT;*;*
HA-75DTE;*;*
HA-75DF;*;*
HA-75DFE;14110;2
BS-90DT;6158;2
BS-90DTE;*;*
BS-90DF;7225;2
BS-90DFE;9023;1.99
HC-90DT;6729;2
HC-90DT 10;;
HC-90DTE;*;*
HC-90DF;7796;2
HC-90DFE;9594;1.98
HB-90DT;8303;2
HB-90DTE;*;*
HB-90DF;9173;2
HB-90DFE;11842;2
HC-110DT;7849;2
HC-110DTE;*;*
HC-110DF;11537;1.99
HC-110DF 8;;
HC-110DFE;12539;1.99
HB-110DT;10215;1.96
HB-110DTE;*;*
HB-110DF;13225;2
HB-110DF 8;;
HB-110DFE;14712;2
HB-110DFE 8;;
BS-132DT;8725;2
BS-132DTE;*;*
BS-132DF;12042;2
BS-132DFE;13099;2
HC-132DT;8020;2
HC-132DT 8;;
HC-132DTE;*;*
HC-132DF;11812;2
HC-132DFE;13793;2
HB-132DT;10574;1.99
HB-132DTE;*;*
HB-132DF;13779;2
HB-132DFE;16016;2
BS-160DT;12718;2
BS-160DTE;*;*
BS-160DF;16518;2
BS-160DFE;19225;2
HB-160DT;15921;2
HB-160DTE;*;*
HB-160DF;18025;2
HB-160DFE;21877;2
BS-185DT;18592;2
BS-185DTE;*;*
BS-185DF;21776;2
BS-185DFE;29604;2
HB-185DT;22923;2
HB-185DTE;*;*
HB-185DF;24213;2
HB-185DFE;31099;2
BS-200DT;19418;2
BS-200DTE;*;*
BS-200DF;25008;2
BS-200DFE;31711;2
HB-200DT;25088;2
HB-200DTE;*;*
HB-200DF;26493;*
HB-200DFE;33127;2
BS-220DT;19990;2
BS-220DTE;*;*
BS-220DF;24687;2
BS-220DFE;32414;2
HB-220DT;25563;2
HB-220DTE;*;*
HB-220DF;26958;2
HB-220DFE;33718;2
BS-250DT;21032;2
BS-250DTE;*;*
BS-250DF;27164;2
BS-250DFE;34933;2
HB-250DT;27038;2
HB-250DTE;*;*
HB-250DF;30955;1.9
HB-250DFE;36085;2
BS-315DT;*;*
BS-315DTE;*;*
BS-315DF;37532;2
BS-315DFE;48470;2
HB-315DT;*;*
HB-315DTE;*;*
HB-315DF;43834;2
HB-315DFE;53789;2
HB-315DT;*;*
HB-315DTE;*;*
HB-315DF;62958;2
HB-315DFE;99296;2
