модель;8 бар;10 бар
HC-7,5DT;1;0.9
HC-7,5DTE;1;0.9
HC-7,5DF;1;0.9
HC-7,5DFE;1;0.9
HB-7,5DT;1;0.9
HB-7,5DTE;1;0.9
HB-7,5DF;1;0.9
HB-7,5DFE;1;0.9
HC-11DT;1.88;1.5
HC-11DTE;1.88;1.5
HC-11DF;1.88;1.5
HC-11DFE;1.88;1.5
HB-11DT;1.88;1.5
HB-11DTE;1.88;1.5
HB-11DF;1.88;1.5
HB-11DFE;1.88;1.5
HC-15DT;2;1.78
HC-15DTE;2;1.78
HC-15DF;2;1.78
HC-15DFE;2;1.78
HB-15DT;2.2;1.85
HB-15DTE;2.2;1.85
HB-15DF;2.2;1.85
HB-15DFE;2.2;1.85
HA-15DT;2.2;1.85
HA-15DTE;2.2;1.85
HA-15DF;2.2;1.85
HA-15DFE;2.2;1.85
HC-18,5DT;3;2.2
HC-18,5DTE;3;2.2
HC-18,5DF;3;2.2
HC-18,5DFE;3;2.2
HB-18,5DT;3;2.2
HB-18,5DTE;3;2.2
HB-18,5DF;3;2.2
HB-18,5DFE;3;2.2
HC-22DT;3.2;2.9
HC-22DTE;3.2;2.9
HC-22DF;3.2;2.9
HC-22DFE;3.2;2.9
HB-22DT;3.2;2.9
HB-22DTE;3.2;2.9
HB-22DF;3.2;2.9
HB-22DFE;3.2;2.9
HA-22DT;3.2;2.9
HA-22DTE;3.2;2.9
HA-22DF;3.2;2.9
HA-22DFE;3.2;2.9
HC-30DT;5;4.2
HC-30DTE;5;4.2
HC-30DF;5;4.2
HC-30DFE;5;4.2
HB-30DT;5;4.2
HB-30DTE;5;4.2
HB-30DF;5;4.2
HB-30DFE;5;4.2
HC-37DT;6.2;5.25
HC-37DTE;6.2;5.25
HC-37DF;6.2;5.25
HC-37DFE;6.2;5.25
HB-37DT;6.2;5.25
HB-37DTE;6.2;5.25
HB-37DF;6.2;5.25
HB-37DFE;6.2;5.25
HA-37DT;6.2;5.25
HA-37DTE;6.2;5.25
HA-37DF;6.2;5.25
HA-37DFE;6.2;5.25
HC-45DT;7.3;6.6
HC-45DTE;7.3;6.6
HC-45DF;7.3;6.6
HC-45DFE;7.3;6.6
HB-45DT;7.3;6.6
HB-45DTE;7.3;6.6
HB-45DF;7.3;6.6
HB-45DFE;7.3;6.6
HA-45DT;7.3;6.6
HA-45DTE;7.3;6.6
HA-45DF;7.3;6.6
HA-45DFE;7.3;6.6
HC-55DT;9.2;8.5
HC-55DTE;9.2;8.5
HC-55DF;9.2;8.5
HC-55DF 8;9.2;8.5
HC-55DFE;9.2;8.5
HB-55DT;9.2;8.5
HB-55DTE;9.2;8.5
HB-55DF;9.2;8.5
HB-55DF 8;;
HB-55DF 10;;
HB-55DFE;9.2;8.5
HA-55DT;9.2;8.5
HA-55DTE;9.2;8.5
HA-55DF;9.2;8.5
HA-55DFE;9.2;8.5
BS-75DT;;
BS-75DTE;;
BS-75DF;;
BS-75DFE;;
HC-75DT;13;11.8
HC-75DTE;13;11.8
HC-75DF;13;11.8
HC-75DFE;13;11.8
HB-75DT;13;11.8
HB-75DTE;13;11.8
HB-75DF;13;11.8
HB-75DF 8;;
HB-75DFE;13;11.8
HA-75DT;13;11.8
HA-75DTE;13;11.8
HA-75DF;13;11.8
HA-75DFE;13;11.8
BS-90DT;;
BS-90DTE;;
BS-90DF;;
BS-90DFE;;
HC-90DT;15.28;11.97
HC-90DT 10;;
HC-90DTE;15.28;11.97
HC-90DF;15.28;11.97
HC-90DFE;15.28;11.97
HB-90DT;15.35;12.34
HB-90DTE;15.35;12.34
HB-90DF;15.35;12.34
HB-90DFE;15.35;12.34
HC-110DT;18.85;15.05
HC-110DTE;18.85;15.05
HC-110DF;18.85;15.05
HC-110DF 8;;
HC-110DFE;18.85;15.05
HB-110DT;19.22;15.12
HB-110DTE;19.22;15.12
HB-110DF;19.22;15.12
HB-110DF 8;;
HB-110DFE;19.22;15.12
HB-110DFE 8;;
BS-132DT;20.7;17
BS-132DTE;20.7;17
BS-132DF;20.7;17
BS-132DFE;20.7;17
HC-132DT;22.1;18.64
HC-132DT 8;;
HC-132DTE;22.1;18.64
HC-132DF;22.1;18.64
HC-132DFE;22.1;18.64
HB-132DT;21.83;18.99
HB-132DTE;21.83;18.99
HB-132DF;21.83;18.99
HB-132DFE;21.83;18.99
BS-160DT;27.2;21.5
BS-160DTE;27.2;21.5
BS-160DF;27.2;21.5
BS-160DFE;27.2;21.5
HB-160DT;24.3;23.55
HB-160DTE;24.3;23.55
HB-160DF;24.3;23.55
HB-160DFE;24.3;23.55
BS-185DT;29.4;27
BS-185DTE;29.4;27
BS-185DF;29.4;27
BS-185DFE;29.4;27
HB-185DT;28.46;25.60
HB-185DTE;28.46;25.60
HB-185DF;28.46;25.60
HB-185DFE;28.46;25.60
BS-200DT;29.1;27.2
BS-200DTE;29.1;27.2
BS-200DF;29.1;27.2
BS-200DFE;29.1;27.2
HB-200DT;29.46;28.7
HB-200DTE;29.46;28.7
HB-200DF;29.46;28.7
HB-200DFE;29.46;28.7
BS-220DT;36.3;27.04
BS-220DTE;36.3;27.04
BS-220DF;36.3;27.04
BS-220DFE;36.3;27.04
HB-220DT;36.92;29.1
HB-220DTE;36.92;29.1
HB-220DF;36.92;29.1
HB-220DFE;36.92;29.1
BS-250DT;41.5;35.8
BS-250DTE;41.5;35.8
BS-250DF;41.5;35.8
BS-250DFE;41.5;35.8
HB-250DT;41.4;36.54
HB-250DTE;41.4;36.54
HB-250DF;41.4;36.54
HB-250DFE;41.4;36.54
BS-315DT;49.5;40.2
BS-315DTE;49.5;40.2
BS-315DF;49.5;40.2
BS-315DFE;49.5;40.2
HB-315DT;50.1;40.98
HB-315DTE;50.1;40.98
HB-315DF;50.1;40.98
HB-315DFE;50.1;40.98
HB-315DT;50.1;40.98
HB-315DTE;50.1;40.98
HB-315DF;50.1;40.98
HB-315DFE;50.1;40.98
BS-4BT;0.4;0.36
BS-4BTE;0.4;0.36
BS-4BF;0.4;0.36
BS-4BFE;0.4;0.36
BS-5,5BT;0.76;0.6
BS-5,5BTE;0.76;0.6
BS-5,5BF;0.76;0.6
BS-5,5BF 10;;
BS-5,5BFE;0.76;0.6
HC-7,5BT;1;0.9
HC-7,5BTE;1;0.9
HC-7,5BF;1;0.9
HC-7,5BF 10;;
HC-7,5BFE;1;0.9
HB-7,5BT;1;0.9
HB-7,5BTE;1;0.9
HB-7,5BF;1;0.9
HB-7,5BFE;1;0.9
HC-11BT;1.7;1.5
HC-11BT 10;1.7;1.5
HC-11BT 8;;
HC-11BTE;1.7;1.5
HC-11BF;1.7;1.5
HC-11BF 8;;
HC-11BFE;1.7;1.5
HB-11BT;1.7;1.5
HB-11BTE;1.7;1.5
HB-11BF;1.7;1.5
HB-11BFE;1.7;1.5
HC-15BT;2;1.88
HC-15BT 8;;
HC-15BT 10;;
HC-15BTE;2;1.88
HC-15BF;2;1.88
HC-15BFE;2;1.88
HB-15BT;2;1.88
HB-15BTE;2;1.88
HB-15BF;2;1.88
HB-15BFE;2;1.88
BS-18,5BF 10;3;2.6
HC-18,5BT;3;2.6
HC-18,5BF;3;2.6
HC-18,5BTE;3;2.6
HC-18,5BFE;3;2.6
HB-18,5BT;3;2.6
HB-18,5BTE;3;2.6
HB-18,5BF;3;2.6
HB-18,5BFE;3;2.6
HC-22BT;3.6;3.2
HC-22BT 8;;
HC-22BTE;3.6;3.2
HC-22BF;3.6;3.2
HC-22BFE;3.6;3.2
HB-22BT;3.6;3.2
HB-22BTE;3.6;3.2
HB-22BF;3.6;3.2
HB-22BFE;3.6;3.2
HC-30BT;4.9;4.2
HC-30BT 8;;
HC-30BTE;4.9;4.2
HC-30BF;4.9;4.2
HC-30BFE;4.9;4.2
HB-30BT;5;4.2
HB-30BTE;5;4.2
HB-30BF;5;4.2
HB-30BFE;5;4.2
BS-37BF;;
HC-37BT;6;5.25
HC-37BT 10;;
HC-37BTE;6;5.25
HC-37BF;6;5.25
HC-37BFE;6;5.25
HB-37BT;6;5.25
HB-37BTE;6;5.25
HB-37BF;6;5.25
HB-37BFE;6;5.25
HA-37BT;6;5.25
HA-37BTE;6;5.25
HA-37BF;6;5.25
HA-37BFE;6;5.25
